strategy,commit_sha,commit_ts,n_tests,n_failures,apfd,ttff_s,pct_to_catch_all,runtime_saved_pct
random,687213f9687213f9687213f9687213f9687213f9,2021-10-28 00:00:00+00:00,200,18,0.3855555555555556,87.864,0.97,0.06803210243087777
recently_failed_first,687213f9687213f9687213f9687213f9687213f9,2021-10-28 00:00:00+00:00,200,18,0.5522222222222222,14.986999999999998,0.99,0.0456822820897788
coverage_based,687213f9687213f9687213f9687213f9687213f9,2021-10-28 00:00:00+00:00,200,18,0.5194444444444444,22.081999999999997,0.995,0.022467906003812422
random_forest,687213f9687213f9687213f9687213f9687213f9,2021-10-28 00:00:00+00:00,200,18,0.701111111111111,4.287,0.935,0.06467087838863697
xgboost,687213f9687213f9687213f9687213f9687213f9,2021-10-28 00:00:00+00:00,200,18,0.668611111111111,4.964,1.0,0.0
random,1d0bc9bd1d0bc9bd1d0bc9bd1d0bc9bd1d0bc9bd,2021-10-30 12:00:00+00:00,200,15,0.4698333333333334,46.83099999999999,0.97,0.01986218911400832
recently_failed_first,1d0bc9bd1d0bc9bd1d0bc9bd1d0bc9bd1d0bc9bd,2021-10-30 12:00:00+00:00,200,15,0.8151666666666666,3.664,0.985,0.06395633112414069
coverage_based,1d0bc9bd1d0bc9bd1d0bc9bd1d0bc9bd1d0bc9bd,2021-10-30 12:00:00+00:00,200,15,0.6831666666666666,53.221,0.985,0.06395633112414068
random_forest,1d0bc9bd1d0bc9bd1d0bc9bd1d0bc9bd1d0bc9bd,2021-10-30 12:00:00+00:00,200,15,0.6588333333333333,0.286,0.86,0.15089963307954335
xgboost,1d0bc9bd1d0bc9bd1d0bc9bd1d0bc9bd1d0bc9bd,2021-10-30 12:00:00+00:00,200,15,0.6041666666666666,0.889,0.97,0.03552718621726797
random,f27292b6f27292b6f27292b6f27292b6f27292b6,2021-11-02 00:00:00+00:00,200,16,0.49343750000000003,35.577999999999996,0.97,0.025134653517063534
recently_failed_first,f27292b6f27292b6f27292b6f27292b6f27292b6,2021-11-02 00:00:00+00:00,200,16,0.6740625,5.445,0.925,0.20418314887325006
coverage_based,f27292b6f27292b6f27292b6f27292b6f27292b6,2021-11-02 00:00:00+00:00,200,16,0.6321874999999999,1.33,0.935,0.1800067904347285
random_forest,f27292b6f27292b6f27292b6f27292b6f27292b6,2021-11-02 00:00:00+00:00,200,16,0.6459374999999999,7.795,0.875,0.11411948352515977
xgboost,f27292b6f27292b6f27292b6f27292b6f27292b6,2021-11-02 00:00:00+00:00,200,16,0.600625,19.702,0.975,0.027665999007551664
random,276aa6ce276aa6ce276aa6ce276aa6ce276aa6ce,2021-11-04 12:00:00+00:00,200,14,0.3496428571428572,48.293000000000006,0.98,0.0312667910335126
recently_failed_first,276aa6ce276aa6ce276aa6ce276aa6ce276aa6ce,2021-11-04 12:00:00+00:00,200,14,0.5442857142857143,0.604,0.86,0.3133923773990422
coverage_based,276aa6ce276aa6ce276aa6ce276aa6ce276aa6ce,2021-11-04 12:00:00+00:00,200,14,0.5553571428571429,31.912,0.915,0.20068140152178326
random_forest,276aa6ce276aa6ce276aa6ce276aa6ce276aa6ce,2021-11-04 12:00:00+00:00,200,14,0.5767857142857142,0.604,0.905,0.09412235846227841
xgboost,276aa6ce276aa6ce276aa6ce276aa6ce276aa6ce,2021-11-04 12:00:00+00:00,200,14,0.5685714285714285,9.991,0.96,0.031142021705838123
random,b495db4eb495db4eb495db4eb495db4eb495db4e,2021-11-07 00:00:00+00:00,200,14,0.565,3.261,0.95,0.07500458579226682
recently_failed_first,b495db4eb495db4eb495db4eb495db4eb495db4e,2021-11-07 00:00:00+00:00,200,14,0.5921428571428571,6.59,0.915,0.24540419278459843
coverage_based,b495db4eb495db4eb495db4eb495db4eb495db4e,2021-11-07 00:00:00+00:00,200,14,0.6153571428571428,14.788,0.93,0.20306098998294284
random_forest,b495db4eb495db4eb495db4eb495db4eb495db4e,2021-11-07 00:00:00+00:00,200,14,0.7657142857142857,23.834,0.66,0.334307418863103
xgboost,b495db4eb495db4eb495db4eb495db4eb495db4e,2021-11-07 00:00:00+00:00,200,14,0.7553571428571428,16.762,0.61,0.467033951730056
random,78e3654b78e3654b78e3654b78e3654b78e3654b,2021-11-09 12:00:00+00:00,200,11,0.5034090909090909,36.437000000000005,0.915,0.09005945371513936
recently_failed_first,78e3654b78e3654b78e3654b78e3654b78e3654b,2021-11-09 12:00:00+00:00,200,11,0.5906818181818181,10.34,0.935,0.19800289130788623
coverage_based,78e3654b78e3654b78e3654b78e3654b78e3654b,2021-11-09 12:00:00+00:00,200,11,0.6838636363636363,5.57,0.955,0.14006950627567016
random_forest,78e3654b78e3654b78e3654b78e3654b78e3654b,2021-11-09 12:00:00+00:00,200,11,0.6902272727272727,8.712,0.67,0.36171793472537384
xgboost,78e3654b78e3654b78e3654b78e3654b78e3654b,2021-11-09 12:00:00+00:00,200,11,0.6556818181818181,42.72,0.685,0.3393725287455361
random,2507418125074181250741812507418125074181,2021-11-12 00:00:00+00:00,200,10,0.322,26.854,0.99,0.014272129639370332
recently_failed_first,2507418125074181250741812507418125074181,2021-11-12 00:00:00+00:00,200,10,0.5225,9.902,0.95,0.18439492482327435
coverage_based,2507418125074181250741812507418125074181,2021-11-12 00:00:00+00:00,200,10,0.449,4.077,0.98,0.062383583853660676
random_forest,2507418125074181250741812507418125074181,2021-11-12 00:00:00+00:00,200,10,0.568,15.526,0.935,0.07169687556080878
xgboost,2507418125074181250741812507418125074181,2021-11-12 00:00:00+00:00,200,10,0.5445,1.9689999999999999,0.955,0.0695248055347563
random,11df12d711df12d711df12d711df12d711df12d7,2021-11-14 12:00:00+00:00,200,13,0.45211538461538464,14.873999999999999,0.99,0.017372147168044496
recently_failed_first,11df12d711df12d711df12d711df12d711df12d7,2021-11-14 12:00:00+00:00,200,13,0.6651923076923076,2.497,0.97,0.1011343358298648
coverage_based,11df12d711df12d711df12d711df12d711df12d7,2021-11-14 12:00:00+00:00,200,13,0.6732692307692307,11.201,0.985,0.05029097429457349
random_forest,11df12d711df12d711df12d711df12d711df12d7,2021-11-14 12:00:00+00:00,200,13,0.6824999999999999,2.83,0.665,0.2673640555580725
xgboost,11df12d711df12d711df12d711df12d711df12d7,2021-11-14 12:00:00+00:00,200,13,0.6444230769230769,10.477,0.745,0.17467520277574572
random,dabac50ddabac50ddabac50ddabac50ddabac50d,2021-11-17 00:00:00+00:00,200,14,0.49714285714285716,32.32099999999999,0.99,0.023533146434841223
recently_failed_first,dabac50ddabac50ddabac50ddabac50ddabac50d,2021-11-17 00:00:00+00:00,200,14,0.7428571428571429,1.968,0.71,0.5265967008463978
coverage_based,dabac50ddabac50ddabac50ddabac50ddabac50d,2021-11-17 00:00:00+00:00,200,14,0.6182142857142856,1.968,0.815,0.36301972378289693
random_forest,dabac50ddabac50ddabac50ddabac50ddabac50d,2021-11-17 00:00:00+00:00,200,14,0.7385714285714285,15.313,0.575,0.40561498655631256
xgboost,dabac50ddabac50ddabac50ddabac50ddabac50d,2021-11-17 00:00:00+00:00,200,14,0.6839285714285714,1.968,0.77,0.293965448001805
random,00a81de900a81de900a81de900a81de900a81de9,2021-11-19 12:00:00+00:00,200,22,0.48409090909090907,46.669,0.915,0.06778732589394791
recently_failed_first,00a81de900a81de900a81de900a81de900a81de9,2021-11-19 12:00:00+00:00,200,22,0.5609090909090908,2.405,0.98,0.09664209497434229
coverage_based,00a81de900a81de900a81de900a81de900a81de9,2021-11-19 12:00:00+00:00,200,22,0.5399999999999999,10.989,0.99,0.05452064836686489
random_forest,00a81de900a81de900a81de900a81de900a81de9,2021-11-19 12:00:00+00:00,200,22,0.7047727272727272,19.182000000000002,0.89,0.1602040400749371
xgboost,00a81de900a81de900a81de900a81de900a81de9,2021-11-19 12:00:00+00:00,200,22,0.6927272727272726,18.106,0.795,0.21496904781298373
random,b9de7a3ab9de7a3ab9de7a3ab9de7a3ab9de7a3a,2021-11-22 00:00:00+00:00,200,14,0.46321428571428575,24.939,0.95,0.04638559178188406
recently_failed_first,b9de7a3ab9de7a3ab9de7a3ab9de7a3ab9de7a3a,2021-11-22 00:00:00+00:00,200,14,0.7128571428571429,0.694,0.92,0.23430830388870028
coverage_based,b9de7a3ab9de7a3ab9de7a3ab9de7a3ab9de7a3a,2021-11-22 00:00:00+00:00,200,14,0.6542857142857142,0.655,0.865,0.27079487452468437
random_forest,b9de7a3ab9de7a3ab9de7a3ab9de7a3ab9de7a3a,2021-11-22 00:00:00+00:00,200,14,0.7121428571428571,8.447,0.71,0.33626741819949496
xgboost,b9de7a3ab9de7a3ab9de7a3ab9de7a3ab9de7a3a,2021-11-22 00:00:00+00:00,200,14,0.6907142857142856,5.794,0.77,0.2573584799538794
random,a8f1e091a8f1e091a8f1e091a8f1e091a8f1e091,2021-11-24 12:00:00+00:00,200,17,0.43250000000000005,42.57500000000001,0.97,0.02156799351085404
recently_failed_first,a8f1e091a8f1e091a8f1e091a8f1e091a8f1e091,2021-11-24 12:00:00+00:00,200,17,0.7027941176470588,11.403,1.0,0.0
coverage_based,a8f1e091a8f1e091a8f1e091a8f1e091a8f1e091,2021-11-24 12:00:00+00:00,200,17,0.6001470588235294,0.441,0.715,0.31140249350033156
random_forest,a8f1e091a8f1e091a8f1e091a8f1e091a8f1e091,2021-11-24 12:00:00+00:00,200,17,0.6180882352941176,32.705999999999996,0.91,0.07536745364144028
xgboost,a8f1e091a8f1e091a8f1e091a8f1e091a8f1e091,2021-11-24 12:00:00+00:00,200,17,0.5939705882352941,24.476999999999997,0.94,0.0386460029193507
random,dd81b7f5dd81b7f5dd81b7f5dd81b7f5dd81b7f5,2021-11-27 00:00:00+00:00,200,17,0.5286764705882352,66.31700000000001,0.915,0.09290157876535368
recently_failed_first,dd81b7f5dd81b7f5dd81b7f5dd81b7f5dd81b7f5,2021-11-27 00:00:00+00:00,200,17,0.5401470588235293,37.467,0.99,0.043117818715927216
coverage_based,dd81b7f5dd81b7f5dd81b7f5dd81b7f5dd81b7f5,2021-11-27 00:00:00+00:00,200,17,0.5380882352941176,7.809,0.84,0.2862779917078875
random_forest,dd81b7f5dd81b7f5dd81b7f5dd81b7f5dd81b7f5,2021-11-27 00:00:00+00:00,200,17,0.48338235294117643,13.983,0.985,0.01035348334777536
xgboost,dd81b7f5dd81b7f5dd81b7f5dd81b7f5dd81b7f5,2021-11-27 00:00:00+00:00,200,17,0.46308823529411763,28.822999999999997,0.985,0.02628879399113283
random,7bfdcc127bfdcc127bfdcc127bfdcc127bfdcc12,2021-11-29 12:00:00+00:00,200,11,0.4561363636363636,107.70900000000002,0.97,0.037101830761708865
recently_failed_first,7bfdcc127bfdcc127bfdcc127bfdcc127bfdcc12,2021-11-29 12:00:00+00:00,200,11,0.7497727272727273,8.871,0.72,0.5011550875989702
coverage_based,7bfdcc127bfdcc127bfdcc127bfdcc127bfdcc12,2021-11-29 12:00:00+00:00,200,11,0.6629545454545454,1.527,0.75,0.4427241066897761
random_forest,7bfdcc127bfdcc127bfdcc127bfdcc127bfdcc12,2021-11-29 12:00:00+00:00,200,11,0.7720454545454545,8.782,0.87,0.10552657860040898
xgboost,7bfdcc127bfdcc127bfdcc127bfdcc127bfdcc12,2021-11-29 12:00:00+00:00,200,11,0.6970454545454545,13.944,0.865,0.17134224191264896
random,6090d6976090d6976090d6976090d6976090d697,2021-12-02 00:00:00+00:00,200,14,0.5107142857142857,94.77699999999999,0.97,0.01754020405277711
recently_failed_first,6090d6976090d6976090d6976090d6976090d697,2021-12-02 00:00:00+00:00,200,14,0.6957142857142857,2.115,0.98,0.09963572635197969
coverage_based,6090d6976090d6976090d6976090d6976090d697,2021-12-02 00:00:00+00:00,200,14,0.5999999999999999,54.897,0.985,0.07833557826116055
random_forest,6090d6976090d6976090d6976090d6976090d697,2021-12-02 00:00:00+00:00,200,14,0.825,1.211,0.605,0.38921839302856875
xgboost,6090d6976090d6976090d6976090d6976090d697,2021-12-02 00:00:00+00:00,200,14,0.8035714285714285,14.084,0.675,0.33035601330584835
random,eecf67d2eecf67d2eecf67d2eecf67d2eecf67d2,2021-12-04 12:00:00+00:00,200,13,0.5321153846153845,34.314,0.97,0.03204543860879319
recently_failed_first,eecf67d2eecf67d2eecf67d2eecf67d2eecf67d2,2021-12-04 12:00:00+00:00,200,13,0.7817307692307691,5.399,0.995,0.026426507331367526
coverage_based,eecf67d2eecf67d2eecf67d2eecf67d2eecf67d2,2021-12-04 12:00:00+00:00,200,13,0.7121153846153845,28.310000000000002,0.995,0.02642650733136752
random_forest,eecf67d2eecf67d2eecf67d2eecf67d2eecf67d2,2021-12-04 12:00:00+00:00,200,13,0.765576923076923,4.186999999999999,0.5,0.49442535586564773
xgboost,eecf67d2eecf67d2eecf67d2eecf67d2eecf67d2,2021-12-04 12:00:00+00:00,200,13,0.7248076923076923,30.146999999999995,0.675,0.35178384921704015
random,de9e3757de9e3757de9e3757de9e3757de9e3757,2021-12-07 00:00:00+00:00,200,18,0.5102777777777777,33.894,1.0,0.0
recently_failed_first,de9e3757de9e3757de9e3757de9e3757de9e3757,2021-12-07 00:00:00+00:00,200,18,0.6005555555555555,10.187,0.995,0.03864410128896005
coverage_based,de9e3757de9e3757de9e3757de9e3757de9e3757,2021-12-07 00:00:00+00:00,200,18,0.5874999999999999,29.212999999999997,0.885,0.25278396436525624
random_forest,de9e3757de9e3757de9e3757de9e3757de9e3757,2021-12-07 00:00:00+00:00,200,18,0.6469444444444443,0.493,0.795,0.14956218172237348
xgboost,de9e3757de9e3757de9e3757de9e3757de9e3757,2021-12-07 00:00:00+00:00,200,18,0.6233333333333333,11.315,0.765,0.21235318576092296
random,620a60ac620a60ac620a60ac620a60ac620a60ac,2021-12-09 12:00:00+00:00,200,11,0.5170454545454545,13.214,0.855,0.13985044557544768
recently_failed_first,620a60ac620a60ac620a60ac620a60ac620a60ac,2021-12-09 12:00:00+00:00,200,11,0.6406818181818181,4.964,0.965,0.1594721760967722
coverage_based,620a60ac620a60ac620a60ac620a60ac620a60ac,2021-12-09 12:00:00+00:00,200,11,0.6879545454545454,1.306,0.59,0.4866824009034589
random_forest,620a60ac620a60ac620a60ac620a60ac620a60ac,2021-12-09 12:00:00+00:00,200,11,0.6315909090909091,12.049,0.835,0.11676084895780452
xgboost,620a60ac620a60ac620a60ac620a60ac620a60ac,2021-12-09 12:00:00+00:00,200,11,0.6384090909090909,11.924,0.83,0.2861119088594692
random,69288e9269288e9269288e9269288e9269288e92,2021-12-12 00:00:00+00:00,200,24,0.48770833333333335,3.847,0.955,0.06465600944546737
recently_failed_first,69288e9269288e9269288e9269288e9269288e92,2021-12-12 00:00:00+00:00,200,24,0.6102083333333332,17.659000000000002,0.845,0.32221782055165893
coverage_based,69288e9269288e9269288e9269288e9269288e92,2021-12-12 00:00:00+00:00,200,24,0.5660416666666666,22.149999999999995,0.885,0.2333092536061334
random_forest,69288e9269288e9269288e9269288e9269288e92,2021-12-12 00:00:00+00:00,200,24,0.5706249999999999,21.203,0.92,0.12330762239880678
xgboost,69288e9269288e9269288e9269288e9269288e92,2021-12-12 00:00:00+00:00,200,24,0.5883333333333333,6.167999999999999,0.94,0.09998135763055484
random,61985d5461985d5461985d5461985d5461985d54,2021-12-14 12:00:00+00:00,200,17,0.5436764705882353,7.948,0.865,0.15863785361012078
recently_failed_first,61985d5461985d5461985d5461985d5461985d54,2021-12-14 12:00:00+00:00,200,17,0.7748529411764705,3.867,0.945,0.15984865869289014
coverage_based,61985d5461985d5461985d5461985d5461985d54,2021-12-14 12:00:00+00:00,200,17,0.7577941176470587,13.935,0.95,0.144916017887826
random_forest,61985d5461985d5461985d5461985d5461985d54,2021-12-14 12:00:00+00:00,200,17,0.7001470588235293,15.56,0.685,0.2652819832576813
xgboost,61985d5461985d5461985d5461985d5461985d54,2021-12-14 12:00:00+00:00,200,17,0.6933823529411764,10.174,0.75,0.2647241547218595
random,26f05fcf26f05fcf26f05fcf26f05fcf26f05fcf,2021-12-17 00:00:00+00:00,200,27,0.5197222222222222,30.381,0.97,0.06040495757934316
recently_failed_first,26f05fcf26f05fcf26f05fcf26f05fcf26f05fcf,2021-12-17 00:00:00+00:00,200,27,0.6802777777777778,11.809999999999999,0.89,0.30983370416575573
coverage_based,26f05fcf26f05fcf26f05fcf26f05fcf26f05fcf,2021-12-17 00:00:00+00:00,200,27,0.6171296296296296,2.832,0.865,0.324690579999057
random_forest,26f05fcf26f05fcf26f05fcf26f05fcf26f05fcf,2021-12-17 00:00:00+00:00,200,27,0.6739814814814814,10.068999999999999,0.94,0.06473705194654872
xgboost,26f05fcf26f05fcf26f05fcf26f05fcf26f05fcf,2021-12-17 00:00:00+00:00,200,27,0.6721296296296295,5.747,1.0,0.0
random,f6febc0ef6febc0ef6febc0ef6febc0ef6febc0e,2021-12-19 12:00:00+00:00,200,10,0.47500000000000003,23.432000000000002,0.98,0.018290135880430693
recently_failed_first,f6febc0ef6febc0ef6febc0ef6febc0ef6febc0e,2021-12-19 12:00:00+00:00,200,10,0.6844999999999999,21.307000000000002,0.905,0.25037918301974876
coverage_based,f6febc0ef6febc0ef6febc0ef6febc0ef6febc0e,2021-12-19 12:00:00+00:00,200,10,0.6385,16.696,0.915,0.20625099123690716
random_forest,f6febc0ef6febc0ef6febc0ef6febc0ef6febc0e,2021-12-19 12:00:00+00:00,200,10,0.7,7.856999999999999,0.96,0.04239478369256141
xgboost,f6febc0ef6febc0ef6febc0ef6febc0ef6febc0e,2021-12-19 12:00:00+00:00,200,10,0.7124999999999999,4.725,0.73,0.21464551134421797
random,d85480f0d85480f0d85480f0d85480f0d85480f0,2021-12-22 00:00:00+00:00,200,22,0.46249999999999997,50.18600000000001,0.98,0.02988969530866707
recently_failed_first,d85480f0d85480f0d85480f0d85480f0d85480f0,2021-12-22 00:00:00+00:00,200,22,0.455,5.233,0.995,0.023625843780135068
coverage_based,d85480f0d85480f0d85480f0d85480f0d85480f0,2021-12-22 00:00:00+00:00,200,22,0.4993181818181818,20.497,1.0,0.0
random_forest,d85480f0d85480f0d85480f0d85480f0d85480f0,2021-12-22 00:00:00+00:00,200,22,0.6556818181818181,3.8850000000000002,0.925,0.07831083252973313
xgboost,d85480f0d85480f0d85480f0d85480f0d85480f0,2021-12-22 00:00:00+00:00,200,22,0.6306818181818181,4.29,0.925,0.06541516520326843
random,e912b4bfe912b4bfe912b4bfe912b4bfe912b4bf,2021-12-24 12:00:00+00:00,200,14,0.3914285714285714,61.005,1.0,0.0
recently_failed_first,e912b4bfe912b4bfe912b4bfe912b4bfe912b4bf,2021-12-24 12:00:00+00:00,200,14,0.7175,16.847,0.935,0.1533429121086989
coverage_based,e912b4bfe912b4bfe912b4bfe912b4bfe912b4bf,2021-12-24 12:00:00+00:00,200,14,0.5835714285714285,1.895,0.765,0.25923265154991026
random_forest,e912b4bfe912b4bfe912b4bfe912b4bfe912b4bf,2021-12-24 12:00:00+00:00,200,14,0.6842857142857142,5.745,0.9,0.10187913034378934
xgboost,e912b4bfe912b4bfe912b4bfe912b4bfe912b4bf,2021-12-24 12:00:00+00:00,200,14,0.7007142857142856,0.895,0.755,0.23580892355493308
random,24e75e8e24e75e8e24e75e8e24e75e8e24e75e8e,2021-12-27 00:00:00+00:00,200,17,0.46485294117647064,37.330000000000005,0.935,0.05821545343275147
recently_failed_first,24e75e8e24e75e8e24e75e8e24e75e8e24e75e8e,2021-12-27 00:00:00+00:00,200,17,0.6427941176470588,8.099,0.975,0.1171434708343136
coverage_based,24e75e8e24e75e8e24e75e8e24e75e8e24e75e8e,2021-12-27 00:00:00+00:00,200,17,0.5142647058823528,0.342,0.995,0.03132213005485723
random_forest,24e75e8e24e75e8e24e75e8e24e75e8e24e75e8e,2021-12-27 00:00:00+00:00,200,17,0.5945588235294117,10.190999999999999,0.725,0.28121047230376334
xgboost,24e75e8e24e75e8e24e75e8e24e75e8e24e75e8e,2021-12-27 00:00:00+00:00,200,17,0.5636764705882352,10.495000000000001,0.705,0.2840862986563565
random,f84f16b3f84f16b3f84f16b3f84f16b3f84f16b3,2021-12-29 12:00:00+00:00,200,21,0.6320238095238095,16.758,0.85,0.14287797671258062
recently_failed_first,f84f16b3f84f16b3f84f16b3f84f16b3f84f16b3,2021-12-29 12:00:00+00:00,200,21,0.6760714285714285,6.2330000000000005,0.95,0.14323939881343647
coverage_based,f84f16b3f84f16b3f84f16b3f84f16b3f84f16b3,2021-12-29 12:00:00+00:00,200,21,0.6232142857142857,1.646,0.66,0.33990586116741467
random_forest,f84f16b3f84f16b3f84f16b3f84f16b3f84f16b3,2021-12-29 12:00:00+00:00,200,21,0.6834523809523809,6.323,0.745,0.2500195506107186
xgboost,f84f16b3f84f16b3f84f16b3f84f16b3f84f16b3,2021-12-29 12:00:00+00:00,200,21,0.6389285714285714,6.323,0.815,0.18968953630178512
random,1327f1bc1327f1bc1327f1bc1327f1bc1327f1bc,2022-01-01 00:00:00+00:00,200,12,0.5833333333333333,19.278999999999996,0.85,0.14983342382616308
recently_failed_first,1327f1bc1327f1bc1327f1bc1327f1bc1327f1bc,2022-01-01 00:00:00+00:00,200,12,0.8687499999999999,2.311,0.385,0.6481676620877924
coverage_based,1327f1bc1327f1bc1327f1bc1327f1bc1327f1bc,2022-01-01 00:00:00+00:00,200,12,0.8329166666666666,25.123,0.405,0.6292606515105366
random_forest,1327f1bc1327f1bc1327f1bc1327f1bc1327f1bc,2022-01-01 00:00:00+00:00,200,12,0.8333333333333333,0.489,0.48,0.5497335348769457
xgboost,1327f1bc1327f1bc1327f1bc1327f1bc1327f1bc,2022-01-01 00:00:00+00:00,200,12,0.815,0.489,0.615,0.46672543971001923
random,43d8887043d8887043d8887043d8887043d88870,2022-01-03 12:00:00+00:00,200,15,0.5974999999999999,4.378,0.86,0.14119543245407293
recently_failed_first,43d8887043d8887043d8887043d8887043d88870,2022-01-03 12:00:00+00:00,200,15,0.6651666666666667,1.976,0.95,0.17199264260132463
coverage_based,43d8887043d8887043d8887043d8887043d88870,2022-01-03 12:00:00+00:00,200,15,0.6521666666666666,22.885000000000005,0.95,0.17199264260132463
random_forest,43d8887043d8887043d8887043d8887043d88870,2022-01-03 12:00:00+00:00,200,15,0.6491666666666667,6.626,0.955,0.04938312474266689
xgboost,43d8887043d8887043d8887043d8887043d88870,2022-01-03 12:00:00+00:00,200,15,0.6265,3.4050000000000002,0.985,0.012418196526960133
random,889b78d5889b78d5889b78d5889b78d5889b78d5,2022-01-06 00:00:00+00:00,200,12,0.5825,4.281000000000001,0.835,0.14811993067721715
recently_failed_first,889b78d5889b78d5889b78d5889b78d5889b78d5,2022-01-06 00:00:00+00:00,200,12,0.7083333333333333,11.29,0.93,0.23540704505037957
coverage_based,889b78d5889b78d5889b78d5889b78d5889b78d5,2022-01-06 00:00:00+00:00,200,12,0.6841666666666666,8.677999999999999,0.93,0.23540704505037977
random_forest,889b78d5889b78d5889b78d5889b78d5889b78d5,2022-01-06 00:00:00+00:00,200,12,0.7541666666666667,7.483,0.65,0.34357585620991427
xgboost,889b78d5889b78d5889b78d5889b78d5889b78d5,2022-01-06 00:00:00+00:00,200,12,0.7474999999999999,4.072,0.675,0.36077831607492744
random,f4427e0bf4427e0bf4427e0bf4427e0bf4427e0b,2022-01-08 12:00:00+00:00,200,12,0.39166666666666666,8.854999999999999,0.97,0.012002594330624387
recently_failed_first,f4427e0bf4427e0bf4427e0bf4427e0bf4427e0b,2022-01-08 12:00:00+00:00,200,12,0.6720833333333333,18.83,0.91,0.25315325626645313
coverage_based,f4427e0bf4427e0bf4427e0bf4427e0bf4427e0b,2022-01-08 12:00:00+00:00,200,12,0.5787499999999999,51.914,0.96,0.09666361451299062
random_forest,f4427e0bf4427e0bf4427e0bf4427e0bf4427e0b,2022-01-08 12:00:00+00:00,200,12,0.6620833333333334,2.191,0.865,0.12596047460989665
xgboost,f4427e0bf4427e0bf4427e0bf4427e0bf4427e0b,2022-01-08 12:00:00+00:00,200,12,0.6187499999999999,2.191,0.78,0.21737629239632197
